pdb_id,variable,vij_mean,z_score,shambhian_mean,mamton_mean
1AOI,Vij,0.3110571928936064,4.7268041576266695,,
1F66,Vij,0.2971314533914206,4.40756243003987,,
1AHD,Shambhian,,-4.182867404916593,0.7101573010735892,
1AOI,Mamton,,5.5460001822625635,,26291.448120233523
1F66,Mamton,,5.578741592000053,,26440.87491663776
